<?xml version="1.0" encoding="UTF-8"?>
<metadata xml:lang="zh"><Esri><CreaDate>20150123</CreaDate><CreaTime>13120600</CreaTime><ArcGISFormat>1.0</ArcGISFormat><SyncOnce>TRUE</SyncOnce><DataProperties><lineage><Process ToolSource="C:\Program Files (x86)\ArcGIS\Desktop10.0\ArcToolbox\Toolboxes\Data Management Tools.tbx\CalculateField" Date="20150123" Time="131206">CalculateField 臺灣_一級發布區_面 TOWN "烈嶼鄉" VB #</Process><Process ToolSource="C:\Program Files (x86)\ArcGIS\Desktop10.0\ArcToolbox\Toolboxes\Data Management Tools.tbx\CalculateField" Date="20150508" Time="195316">CalculateField 臺灣_一級發布區_面 CODE1 Replace( [CODE1] , "A03","A68"  ) VB #</Process><Process ToolSource="C:\Program Files (x86)\ArcGIS\Desktop10.0\ArcToolbox\Toolboxes\Data Management Tools.tbx\CalculateField" Date="20150508" Time="195323">CalculateField 臺灣_一級發布區_面 CODE2 Replace( [CODE2] , "A03","A68"  ) VB #</Process><Process ToolSource="C:\Program Files (x86)\ArcGIS\Desktop10.0\ArcToolbox\Toolboxes\Data Management Tools.tbx\CalculateField" Date="20150508" Time="195331">CalculateField 臺灣_一級發布區_面 TOWN_ID Replace( [TOWN_ID] , "10003","68000"  ) VB #</Process><Process ToolSource="C:\Program Files (x86)\ArcGIS\Desktop10.0\ArcToolbox\Toolboxes\Data Management Tools.tbx\CalculateField" Date="20150508" Time="195338">CalculateField 臺灣_一級發布區_面 TOWN "Left( [TOWN] ,2 ) &amp; "區"" VB #</Process><Process ToolSource="C:\Program Files (x86)\ArcGIS\Desktop10.0\ArcToolbox\Toolboxes\Data Management Tools.tbx\CalculateField" Date="20150508" Time="195345">CalculateField 臺灣_一級發布區_面 COUNTY_ID Replace( [COUNTY_ID] , "10003","68000"  ) VB #</Process><Process ToolSource="C:\Program Files (x86)\ArcGIS\Desktop10.0\ArcToolbox\Toolboxes\Data Management Tools.tbx\CalculateField" Date="20150508" Time="195351">CalculateField 臺灣_一級發布區_面 COUNTY Replace( [COUNTY] , "桃園縣","桃園市"  ) VB #</Process></lineage></DataProperties></Esri></metadata>
